start,end,n_patch_days,major,title,event_status,players_pre7,players_change_pct,players_pctile_vs_placebo,gain_pre7,gain_post7,gain_change,gain_pctile_vs_placebo
2025-04-03,2025-04-30,15,False,0.7.3 Update / 0.7.6 Update,clean,,,,41.57142857142857,320.2857142857143,278.7142857142857,100.0
2025-05-09,2025-06-04,6,False,0.7.32 Update,clean,1451.857142857143,-0.23615074289088764,72.80701754385966,49.42857142857143,48.42857142857143,-1.0,23.440134907251263
2025-06-12,2025-06-12,1,False,0.7.39 Update,overlap,1369.142857142857,-28.318030050083472,15.789473684210526,28.142857142857142,21.571428571428573,-6.571428571428569,7.925801011804384
2025-06-20,2025-06-20,1,False,0.7.41 Update,overlap,981.4285714285714,-22.95487627365357,31.57894736842105,21.571428571428573,18.857142857142858,-2.7142857142857153,13.490725126475548
2025-07-01,2025-07-01,1,False,0.7.43 Update,overlap,739.1428571428571,19.965210668728258,86.8421052631579,18.285714285714285,19.571428571428573,1.2857142857142883,88.53288364249579
2025-07-11,2025-08-01,6,False,0.7.45 업데이트,clean,836.4285714285714,-12.775405636208372,57.89473684210527,17.285714285714285,11.285714285714286,-5.999999999999998,8.600337268128163
2025-08-11,2025-08-13,2,True,0.8.3 Update: Chapter 3,overlap,564.0,143.59169199594731,100.0,10.428571428571429,22.0,11.571428571428571,96.45868465430016
2025-08-22,2025-08-22,1,False,0.8.8 Update,overlap,1349.5714285714287,24.25108500052926,86.8421052631579,197.71428571428572,33.857142857142854,-163.85714285714286,0.0
2025-09-04,2025-09-04,1,False,0.8.9 Update,overlap,1434.857142857143,-23.795300677021118,28.07017543859649,18.428571428571427,17.857142857142858,-0.5714285714285694,34.90725126475548
2025-09-12,2025-09-17,2,True,0.8.12 Update,clean,1093.4285714285713,35.14502221060885,89.47368421052632,17.857142857142858,14.857142857142858,-3.0,12.310286677908937
2025-10-24,2025-10-31,3,False,0.9.1 & 2Update,clean,834.8571428571429,15.366187542778912,85.96491228070175,10.142857142857142,7.0,-3.1428571428571423,11.973018549747048
2025-11-11,2025-11-11,1,False,0.9.6 Update,clean,654.0,22.45522062035824,86.8421052631579,6.857142857142857,5.714285714285714,-1.1428571428571423,23.440134907251263
2025-11-28,2025-11-28,1,False,No title,clean,570.1428571428571,26.785266850413443,86.8421052631579,4.714285714285714,6.428571428571429,1.7142857142857144,89.54468802698145
2025-12-24,2025-12-31,3,True,0.10.0 Update : 'Chapter 4',clean,492.14285714285717,160.78374455732944,100.0,5.142857142857143,15.428571428571429,10.285714285714285,96.29005059021922
2026-01-08,2026-01-13,3,False,0.10.6 Update,clean,1193.4285714285713,12.209719894661246,83.33333333333334,14.714285714285714,15.285714285714286,0.571428571428573,79.76391231028668
2026-01-23,2026-01-30,4,False,Update 0.10.9,clean,1098.7142857142858,-16.772851384735407,52.63157894736842,12.571428571428571,8.428571428571429,-4.142857142857142,10.118043844856661
2026-02-12,2026-02-20,3,False,0.10.15 Update,clean,673.5714285714286,43.56309650053022,91.22807017543859,6.0,13.857142857142858,7.857142857142858,95.78414839797638
2026-03-25,2026-04-03,5,True,0.11.0 Update,clean,600.2857142857143,199.42884340790096,100.0,13.714285714285714,15.714285714285714,2.0,90.38785834738617
2026-04-16,2026-04-17,2,False,0.11.7 Update,clean,1098.4285714285713,-16.998309272987385,52.63157894736842,9.0,8.142857142857142,-0.8571428571428577,24.620573355817875
2026-05-13,2026-05-13,1,False,0.12.0 Update,clean,716.2857142857143,9.154367770243315,81.57894736842105,5.0,8.428571428571429,3.428571428571429,92.24283305227657
2026-07-01,2026-07-01,1,False,0.12.3 Update,clean,728.4285714285714,18.493822318101582,85.96491228070175,6.714285714285714,8.571428571428571,1.8571428571428568,90.05059021922428
2026-07-16,2026-07-16,1,False,0.12.4 Update,clean,845.0,-0.08453085376161723,73.68421052631578,38.714285714285715,45.285714285714285,6.571428571428569,95.4468802698145
2026-07-31,2026-08-20,7,True,1.0 Update / 1.0.21 Hotfix,clean,932.5714285714286,1388.3118872549019,100.0,70.85714285714286,473.14285714285717,402.28571428571433,100.0
2026-09-10,2026-09-11,2,False,1.0.31 Update,clean,5934.571428571428,-0.8377064176014571,71.05263157894737,96.57142857142857,70.28571428571429,-26.285714285714278,1.1804384485666104
