date,title,major,n_patches_that_day,status_7d,other_patches_7d,status_14d,other_patches_14d,pre7_mean,pre7_median,post7_mean,post7_median,change_7d,change_pct_7d,d1_3_mean,d1_3_pct,d4_7_mean,d4_7_pct,d8_14_mean,d8_14_pct,sustained_days,pre14_mean,post14_mean,change_pct_14d
2025-04-03,No title,False,1,overlap,6,overlap,10,,,,,,,,,,,,,,,,
2025-04-04,0.7.3 Update / 0.7.6 Update,False,4,overlap,7,overlap,10,,,,,,,,,,,,,,,,
2025-04-05,0.7.8 업데이트,False,1,overlap,7,overlap,10,,,,,,,,,,,,,,,,
2025-04-06,No title,False,1,overlap,7,overlap,10,,,,,,,,,,,,,,,,
2025-04-07,0.7.10 Update,False,3,overlap,8,overlap,11,,,,,,,,,,,,,,,,
2025-04-08,0.7.12 Update,False,1,overlap,8,overlap,11,,,,,,,,,,,,,,,,
2025-04-10,0.7.14&15 Update,False,2,overlap,10,overlap,12,2133.8571428571427,2263.0,2985.0,2670.0,851.1428571428573,39.88752761598715,3745.0,75.50378255339092,2415.0,13.175336412934335,2136.285714285714,0.11381134096539405,5.0,,,
2025-04-11,0.7.17 Update,False,1,overlap,9,overlap,12,2406.0,2519.0,2860.4285714285716,2469.0,454.42857142857156,18.887305545659665,3572.6666666666665,48.48988639512329,2326.25,-3.3146300914380715,2051.8571428571427,-14.7191544947156,3.0,,,
2025-04-14,0.7.21&22 Update,False,4,overlap,7,overlap,12,3101.1428571428573,2931.0,2432.1428571428573,2315.0,-669.0,-21.572692095080154,2330.0,-24.86640869725447,2508.75,-19.102404643449425,1742.5714285714287,-43.80873410724157,0.0,,,
2025-04-16,0.7.23&24 Update,False,1,overlap,5,overlap,14,3152.1428571428573,2931.0,2241.714285714286,2222.0,-910.4285714285716,-28.88284613641514,2485.0,-21.164740539315662,2059.25,-34.67142533423975,1628.4285714285713,-48.33899841377748,0.0,,,
2025-04-17,No title,False,1,overlap,6,overlap,14,3086.285714285714,2931.0,2136.285714285714,1920.0,-950.0,-30.781336789483433,2705.0,-12.354193667839288,1709.75,-44.60169413071654,1644.857142857143,-46.704314015922975,0.0,2610.0714285714284,1890.5714285714287,-27.566295394214713
2025-04-21,0.7.25 & 26 Update,False,3,overlap,4,overlap,10,2539.285714285714,2469.0,1742.5714285714287,1724.0,-796.7142857142856,-31.375527426160332,1639.6666666666667,-35.42803563056727,1819.75,-28.336146272855135,1528.857142857143,-39.79184247538677,0.0,2820.214285714286,1635.7142857142858,-42.00035458298508
2025-04-24,0.7.28 Update,False,1,overlap,4,overlap,8,2241.714285714286,2222.0,1644.857142857143,1599.0,-596.8571428571429,-26.62503186336987,1954.0,-12.834565383634978,1413.0,-36.96788172317104,1451.857142857143,-35.234514402243185,0.0,2664.0,1548.357142857143,-41.87848562848563
2025-04-29,0.7.29 & 30 Update,False,4,overlap,2,overlap,7,1742.5714285714287,1724.0,1563.5714285714287,1599.0,-179.0,-10.272175766519101,1440.3333333333333,-17.344373394545563,1656.0,-4.968027545499267,1436.142857142857,-17.58484997540581,0.0,2087.3571428571427,1499.857142857143,-28.145638709235865
2025-04-30,0.7.31 Update,False,1,overlap,2,overlap,7,1668.7142857142858,1587.0,1530.5714285714287,1599.0,-138.1428571428571,-8.278400821847443,1557.6666666666667,-6.654681391433382,1510.25,-9.496190394657996,1460.7142857142858,-12.464686242616214,0.0,2006.0714285714287,1495.642857142857,-25.44418728858822
2025-05-09,0.7.32 Update,False,1,overlap,1,overlap,5,1451.857142857143,1574.0,1448.4285714285713,1277.0,-3.4285714285715585,-0.23615074289088764,1761.3333333333333,21.31588441733083,1213.75,-16.400177113057172,1505.5714285714287,3.6996949719571037,2.0,1548.357142857143,1477.0,-4.60857129676616
2025-05-13,0.7.34 Update,False,1,overlap,2,overlap,5,1478.5714285714287,1370.0,1398.4285714285713,1326.0,-80.14285714285734,-5.420289855072476,1192.6666666666667,-19.336553945249598,1552.75,5.01690821256038,1483.4285714285713,0.328502415458924,0.0,1503.7142857142858,1440.9285714285713,-4.175375261257849
2025-05-19,0.7.35 Update: Crossbow,False,1,overlap,2,overlap,4,1320.4285714285713,1277.0,1579.142857142857,1523.0,258.7142857142858,19.593205669155044,1534.0,16.174402250351626,1613.0,22.15730823325761,1127.0,-14.648923509682998,2.0,1429.2142857142858,1353.0714285714287,-5.327602578839519
2025-05-22,0.7.36 Update,False,1,overlap,2,overlap,5,1431.142857142857,1475.0,1367.4285714285713,1214.0,-63.71428571428578,-4.451986424436019,1746.0,22.000399281293674,1083.5,-24.291275703733277,1210.142857142857,-15.442204032741067,0.0,1445.9285714285713,1288.7857142857142,-10.86795435459171
2025-05-29,Update 0.7.37,False,2,overlap,2,overlap,4,1417.142857142857,1330.0,1210.142857142857,1148.0,-207.0,-14.606854838709676,1245.3333333333333,-12.123655913978498,1183.75,-16.469254032258064,1308.7142857142858,-7.651209677419348,0.0,1424.142857142857,1259.4285714285713,-11.565854147858365
2025-06-04,0.7.38 Update,False,1,overlap,1,overlap,3,1130.0,1072.0,1369.142857142857,1426.0,239.1428571428571,21.16308470290771,1633.3333333333333,44.54277286135693,1171.0,3.6283185840707963,1030.4285714285713,-8.811630847029086,4.0,1306.7142857142858,1199.7857142857142,-8.183010823220737
2025-06-12,0.7.39 Update,False,3,clean,0,overlap,3,1369.142857142857,1426.0,981.4285714285714,878.0,-387.71428571428567,-28.318030050083472,1251.3333333333333,-8.604618809126325,779.0,-43.10308848080133,773.0,-43.541318864774624,0.0,1257.9285714285713,877.2142857142857,-30.265175174606778
2025-06-20,0.7.41 Update,False,1,clean,0,overlap,2,981.4285714285714,878.0,756.1428571428571,714.0,-225.28571428571433,-22.95487627365357,905.0,-7.787481804949055,644.5,-34.330422125181954,848.8571428571429,-13.5080058224163,0.0,1145.0714285714287,802.5,-29.917035743247467
2025-07-01,0.7.43 Update,False,3,clean,0,overlap,2,739.1428571428571,693.0,886.7142857142857,860.0,147.57142857142856,19.965210668728258,842.6666666666666,14.005927071253705,919.75,24.434673366834176,779.2857142857143,5.431001159644387,1.0,779.5714285714286,833.0,6.8535825545171365
2025-07-11,0.7.45 업데이트,False,3,overlap,2,overlap,4,836.4285714285714,769.0,729.5714285714286,645.0,-106.85714285714289,-12.775405636208372,901.3333333333334,7.759749501850273,600.75,-28.176771989752346,596.2857142857143,-28.71050384286934,2.0,828.7857142857143,662.9285714285714,-20.012065845040077
2025-07-17,0.7.47 Update,False,1,overlap,2,overlap,4,767.8571428571429,725.0,591.8571428571429,554.0,-176.0,-22.92093023255814,699.3333333333334,-8.924031007751937,511.25,-33.418604651162795,662.1428571428571,-13.767441860465123,0.0,814.7142857142857,627.0,-23.0405049973698
2025-07-18,No title,False,1,overlap,3,overlap,5,758.5714285714286,725.0,596.2857142857143,554.0,-162.28571428571422,-21.393596986817318,687.3333333333334,-9.391086001255486,528.0,-30.395480225988695,660.1428571428571,-12.975517890772132,0.0,797.5,628.2142857142857,-21.227048813255717
2025-07-25,0.7.50 Update,False,6,overlap,3,overlap,5,591.8571428571429,554.0,660.1428571428571,631.0,68.28571428571422,11.537533188510729,762.0,28.747284576393913,583.75,-1.3697803524016468,602.7142857142857,1.8344195027757526,3.0,675.2142857142857,631.4285714285714,-6.484713847455826
2025-07-28,No title,False,1,overlap,2,overlap,5,614.1428571428571,554.0,639.8571428571429,607.0,25.71428571428578,4.187020237264491,576.0,-6.210746685275641,687.75,11.98534542916958,653.1428571428571,6.350314026517795,0.0,638.2142857142857,646.5,1.2982652490207127
2025-08-01,0.7.55 Update,False,1,overlap,2,overlap,5,662.1428571428571,631.0,602.7142857142857,557.0,-59.428571428571445,-8.975188781014026,714.6666666666666,7.932398417835311,518.75,-21.65587918015102,1157.0,74.73570658036678,2.0,627.0,879.8571428571429,40.32809295967191
2025-08-11,0.8.3 Update: Chapter 3,True,1,overlap,1,overlap,4,564.0,557.0,1373.857142857143,1433.0,809.8571428571429,143.59169199594731,1389.6666666666667,146.39479905437355,1362.0,141.48936170212767,1614.4285714285713,186.24620060790272,30.0,606.7142857142857,1494.142857142857,146.26795384977635
2025-08-13,0.8.7 Update,False,7,overlap,1,overlap,3,778.2857142857143,635.0,1352.2857142857142,1397.0,573.9999999999999,73.75183553597648,1427.0,83.35168869309837,1296.25,66.55194566813508,1672.857142857143,114.94126284875183,28.0,703.7857142857143,1512.5714285714287,114.91931391454379
2025-08-22,0.8.8 Update,False,2,clean,0,overlap,3,1349.5714285714287,1397.0,1676.857142857143,1595.0,327.2857142857142,24.25108500052926,1941.0,43.82343601143219,1478.75,9.571821742352062,1356.7142857142858,0.5292685508627053,5.0,1187.2857142857142,1516.7857142857142,27.75237636866803
2025-09-04,0.8.9 Update,False,1,clean,0,overlap,3,1434.857142857143,1353.0,1093.4285714285713,986.0,-341.42857142857156,-23.795300677021118,1352.3333333333333,-5.751360679676099,899.25,-37.32825567502987,1474.142857142857,2.7379530067702067,0.0,1553.857142857143,1283.7857142857142,-17.38071159327021
2025-09-12,0.8.12 Update,True,2,overlap,1,overlap,2,1093.4285714285713,986.0,1477.7142857142858,1239.0,384.28571428571445,35.14502221060885,1853.6666666666667,69.52791568678688,1195.75,9.357852103475317,1045.2857142857142,-4.402926574340212,4.0,1247.2142857142858,1261.5,1.1454097703453359
2025-09-17,0.8.13 Update,False,1,overlap,1,overlap,2,1376.142857142857,1239.0,1155.2857142857142,1133.0,-220.8571428571429,-16.048998235233057,1283.3333333333333,-6.744177999238731,1059.25,-23.027613412228796,826.0,-39.97716183951002,0.0,1277.142857142857,990.6428571428571,-22.43288590604027
2025-10-24,0.9.1 & 2Update,False,3,overlap,2,overlap,2,834.8571428571429,782.0,963.1428571428571,813.0,128.28571428571422,15.366187542778912,1210.6666666666667,45.01483002509697,777.5,-6.87029431895962,747.0,-10.523613963039018,2.0,948.0714285714286,855.0714285714286,-9.809387478339486
2025-10-25,No title,False,1,overlap,2,overlap,2,815.1428571428571,759.0,917.8571428571429,813.0,102.71428571428578,12.600771118121285,1026.3333333333333,25.908400514078743,836.5,2.620049071153176,719.2857142857143,-11.759551349456702,2.0,916.4285714285714,818.5714285714286,-10.678098207326583
2025-10-31,0.9.5 Update,False,1,overlap,2,overlap,3,955.4285714285714,803.0,747.0,649.0,-208.42857142857144,-21.81519138755981,928.0,-2.8708133971291883,611.25,-36.02347488038278,717.1428571428571,-24.940191387559814,0.0,895.1428571428571,732.0714285714286,-18.217363549313756
2025-11-11,0.9.6 Update,False,1,clean,0,overlap,1,654.0,644.0,800.8571428571429,756.0,146.8571428571429,22.45522062035824,775.6666666666666,18.603465851172267,819.75,25.344036697247706,591.8571428571429,-9.501965923984269,5.0,748.0,696.3571428571429,-6.904125286478223
2025-11-28,No title,False,1,clean,0,clean,0,570.1428571428571,515.0,722.8571428571429,686.0,152.71428571428578,26.785266850413443,874.3333333333334,53.353378434811674,609.25,6.859183162114764,545.1428571428571,-4.384865948383864,4.0,655.0714285714286,634.0,-3.216661214698504
2025-12-24,0.10.0 Update : 'Chapter 4',True,2,overlap,2,overlap,2,492.14285714285717,485.0,1283.4285714285713,1322.0,791.2857142857142,160.78374455732944,1444.3333333333333,193.47847121432025,1162.75,136.26269956458637,1193.4285714285713,142.4963715529753,30.0,487.7142857142857,1238.4285714285713,153.925014645577
2025-12-26,0.10.4 Update,False,5,overlap,2,overlap,4,691.8571428571429,620.0,1278.4285714285713,1347.0,586.5714285714284,84.78215981829442,1335.0,92.95890976667354,1236.0,78.64959735701011,1128.4285714285713,63.1013834400165,26.0,576.3571428571429,1203.4285714285713,108.79910769612093
2025-12-31,0.10.5 Update,False,1,overlap,2,overlap,5,1216.0,1322.0,1193.4285714285713,1325.0,-22.57142857142867,-1.856203007518805,1402.3333333333333,15.323464912280697,1036.75,-14.740953947368421,1320.142857142857,8.564379699248118,3.0,854.0714285714286,1256.7857142857142,47.15229572635276
2026-01-08,0.10.6 Update,False,1,overlap,2,overlap,4,1193.4285714285713,1325.0,1339.142857142857,1236.0,145.71428571428578,12.209719894661246,1617.6666666666667,35.547841353443474,1130.25,-5.293871199425417,1098.7142857142858,-7.936317931529794,3.0,1238.4285714285713,1218.9285714285713,-1.5745760756719345
2026-01-09,0.10.7 Update,False,1,overlap,2,overlap,5,1114.857142857143,1002.0,1290.142857142857,1136.0,175.28571428571422,15.722706304459244,1549.0,38.94156842644797,1096.0,-1.691440287032294,1077.4285714285713,-3.3572526909277407,3.0,1194.857142857143,1183.7857142857142,-0.9265901482544319
2026-01-13,0.10.8 Update,False,1,overlap,2,overlap,6,1256.857142857143,1236.0,1160.857142857143,1099.0,-96.0,-7.638099568083654,1085.6666666666667,-13.62051981510949,1217.25,-3.151284382814278,970.1428571428571,-22.812002727892708,0.0,1249.2857142857142,1065.5,-14.711263579188103
2026-01-23,Update 0.10.9,False,2,overlap,3,overlap,5,1098.7142857142858,1058.0,914.4285714285714,812.0,-184.28571428571433,-16.772851384735407,1102.6666666666667,0.359727820396135,773.25,-29.622285788584062,764.4285714285714,-30.425172279287484,1.0,1218.9285714285713,839.4285714285714,-31.133899794901836
2026-01-24,No title,False,1,overlap,3,overlap,4,1077.4285714285713,990.0,879.5714285714286,812.0,-197.85714285714278,-18.36382922301776,958.6666666666666,-11.022717227967819,820.25,-23.869663219305217,735.7142857142857,-31.71572527181119,1.0,1183.7857142857142,807.6428571428571,-31.774573100826647
2026-01-27,0.10.12 Update,False,1,overlap,3,overlap,4,995.8571428571429,965.0,822.0,755.0,-173.8571428571429,-17.45804045330656,761.0,-23.583417013340988,867.75,-12.864008033280738,678.1428571428571,-31.903600631186347,0.0,1088.142857142857,750.0714285714286,-31.068662202967047
2026-01-30,0.10.13 Update,False,1,overlap,3,overlap,5,934.1428571428571,862.0,764.4285714285714,706.0,-169.71428571428567,-18.167915583422538,921.6666666666666,-1.3355762858744973,646.5,-30.792170056583572,717.7142857142857,-23.168680226334303,0.0,1016.4285714285714,741.0714285714286,-27.090653548840482
2026-02-12,0.10.15 Update,False,2,overlap,1,overlap,3,673.5714285714286,620.0,967.0,990.0,293.42857142857144,43.56309650053022,965.0,43.266171792152704,968.5,43.78579003181336,866.4285714285714,28.632025450689298,12.0,740.0,916.7142857142857,23.880308880308874
2026-02-13,No title,False,1,overlap,2,overlap,3,685.7142857142857,651.0,974.7142857142857,990.0,289.0,42.145833333333336,985.6666666666666,43.74305555555556,966.5,40.94791666666668,842.0,22.79166666666668,11.0,736.5714285714286,908.3571428571429,23.32234290147402
2026-02-20,0.10.17 업데이트,False,1,overlap,1,overlap,2,967.0,990.0,842.0,758.0,-125.0,-12.926577042399174,989.6666666666666,2.344019303688379,731.25,-24.37952430196484,813.7142857142857,-15.85167676170779,1.0,826.3571428571429,827.8571428571429,0.18151957818307546
2026-03-25,0.11.0 Update,True,3,overlap,3,overlap,4,600.2857142857143,631.0,1797.4285714285713,1805.0,1197.1428571428569,199.42884340790096,1999.0,233.00809138505474,1646.25,174.2444074250357,1406.142857142857,134.24559733460256,30.0,564.7142857142857,1601.7857142857142,183.6453326587402
2026-03-26,No title,False,1,overlap,3,overlap,4,673.8571428571429,683.0,1717.4285714285713,1571.0,1043.5714285714284,154.86538053847784,2156.6666666666665,220.04805314112073,1388.0,105.97837608649566,1368.142857142857,103.0315878736485,26.0,599.6428571428571,1542.7857142857142,157.2840976771888
2026-03-27,0.11.3 Update,False,1,overlap,4,overlap,4,875.5714285714286,722.0,1652.4285714285713,1453.0,776.8571428571428,88.72573013542176,2045.6666666666667,133.6378963398053,1357.5,55.041605482134116,1308.7142857142858,49.46973405123185,17.0,697.9285714285714,1480.5714285714287,112.13795926721932
2026-03-30,0.11.4 Update,False,1,overlap,4,overlap,4,1506.7142857142858,1805.0,1490.4285714285713,1449.0,-16.285714285714448,-1.080876078505747,1327.0,-11.9275623400019,1613.0,7.054138617616379,1148.0,-23.8077178344553,0.0,1027.642857142857,1319.2142857142858,28.37283658858693
2026-04-03,0.11.5 Update: Training Grounds,False,3,overlap,2,overlap,6,1717.4285714285713,1571.0,1308.7142857142858,1124.0,-408.71428571428555,-23.798036932290792,1667.6666666666667,-2.897465757222859,1039.5,-39.473465313591745,1060.7142857142858,-38.238229911828306,1.0,1296.5,1184.7142857142858,-8.622114484050462
2026-04-16,0.11.7 Update,False,2,overlap,1,overlap,2,1098.4285714285713,979.0,911.7142857142857,828.0,-186.71428571428567,-16.998309272987385,1112.6666666666667,1.2962240430051748,761.0,-30.719209259981785,786.8571428571429,-28.365197034724922,0.0,1252.2857142857142,849.2857142857143,-32.181154460415236
2026-04-17,No title,False,1,overlap,1,overlap,2,1077.142857142857,969.0,895.2857142857143,803.0,-181.85714285714278,-16.883289124668426,1082.6666666666667,0.5128205128205229,754.75,-29.930371352785144,802.5714285714286,-25.490716180371354,2.0,1222.642857142857,848.9285714285714,-30.566103873342286
2026-05-13,0.12.0 Update,False,1,clean,0,clean,0,716.2857142857143,669.0,781.8571428571429,702.0,65.57142857142856,9.154367770243315,815.0,13.781412046270436,757.0,5.684084563222969,1214.2857142857142,69.52532907857996,0.0,790.0,998.0714285714286,26.338155515370705
2026-07-01,0.12.3 Update,False,1,clean,0,clean,0,728.4285714285714,708.0,863.1428571428571,806.0,134.71428571428567,18.493822318101582,854.6666666666666,17.330195463162703,869.5,19.366542459305744,845.0,16.00313787017062,0.0,722.4285714285714,854.0714285714286,18.22226616571089
2026-07-16,0.12.4 Update,False,1,clean,0,clean,0,845.0,840.0,844.2857142857143,791.0,-0.7142857142856656,-0.08453085376161723,947.0,12.071005917159763,767.25,-9.201183431952662,932.5714285714286,10.363482671174976,0.0,854.0714285714286,888.4285714285714,4.022748180981855
2026-07-31,1.0 Update / 1.0.21 Hotfix,True,3,overlap,3,overlap,5,932.5714285714286,901.0,13879.57142857143,14439.0,12947.0,1388.3118872549019,12880.333333333334,1281.1631944444446,14629.0,1468.673406862745,15731.42857142857,1586.8872549019607,30.0,888.4285714285714,14805.5,1566.4817494774081
2026-08-01,1.0.22 Update,False,1,overlap,3,overlap,5,1714.142857142857,948.0,15007.42857142857,14442.0,13293.285714285714,775.506292191016,13916.333333333334,711.8537655915771,15825.75,823.2456871405951,15128.57142857143,782.5735477956497,30.0,1273.857142857143,15068.0,1082.8641919928227
2026-08-04,1.0.23 Update,False,1,overlap,3,overlap,5,6806.0,6255.0,16598.714285714286,15714.0,9792.714285714286,143.88354812980145,14792.0,117.33764325595064,17953.75,163.79297678518952,12899.142857142857,89.52604844464967,20.0,3836.6428571428573,14748.92857142857,284.42276543853444
2026-08-07,1.0.24 Update,False,3,overlap,5,overlap,6,12570.857142857143,14140.0,15731.42857142857,15714.0,3160.5714285714275,25.142051911450515,18700.333333333332,48.759413306665444,13504.75,7.429030865039318,11268.714285714286,-10.358425382971951,4.0,6751.714285714285,13500.07142857143,99.95027717828279
2026-08-13,1.0.26 Update,False,2,overlap,3,overlap,6,16450.85714285714,15714.0,11762.714285714286,12256.0,-4688.142857142855,-28.497863767411154,14098.333333333334,-14.30031146155359,10011.0,-39.14602799680433,8481.0,-48.44645524332209,0.0,13547.214285714286,10121.857142857143,-25.284586709972
2026-08-14,1.0.28 hotfix,False,2,overlap,3,overlap,6,16139.0,15714.0,11268.714285714286,10001.0,-4870.285714285714,-30.177121967195696,13996.0,-13.278393952537332,9223.25,-42.85116797818948,8192.57142857143,-49.23742841209846,0.0,14354.92857142857,9730.642857142857,-32.21392354044654
2026-08-20,1.0.30 Update,False,1,overlap,2,overlap,3,12294.42857142857,12256.0,8481.0,7729.0,-3813.4285714285706,-31.017534074667964,10323.0,-16.035137867326657,7099.5,-42.25433123017394,7146.571428571428,-41.87146326442871,0.0,14372.642857142857,7813.785714285715,-45.634315192056334
2026-09-10,1.0.31 Update,False,1,overlap,1,overlap,1,5934.571428571428,5646.0,5884.857142857143,5468.0,-49.714285714285325,-0.8377064176014571,7198.0,21.28929757835444,4900.0,-17.432959414568387,4568.142857142857,-23.0248904722931,0.0,6605.071428571428,5226.5,-20.87140833342345
2026-09-11,1.0.33 Update,False,1,overlap,1,overlap,1,5783.571428571428,5461.0,5681.0,5230.0,-102.57142857142844,-1.7734963566753095,6988.0,20.824996912436706,4700.75,-18.722366308509322,4510.142857142857,-22.01803136964308,2.0,6465.071428571428,5095.571428571428,-21.183060622465778
